24.9.222.8	19	0.95
192.227.249.233	1	0.05
68.101.226.177	19	0.95
173.74.200.4	1	0.05
23.236.210.70	2	0.10
104.62.21.23	9	0.45
173.224.117.142	3	0.13
96.231.164.117	6	0.30
73.245.148.111	1	0.05
50.120.11.18	21	1.04
50.25.108.241	6	0.30
1.87.235.172	1	0.05
81.133.144.156	1	0.05
69.126.57.233	21	1.05
99.43.226.200	1	0.05
76.77.213.3	31	1.26
66.87.65.232	1	0.05
72.74.60.137	2	0.10
72.79.215.240	30	1.48
24.28.71.32	1	0.05
212.30.23.104	1	0.05
66.176.29.207	1	0.05
45.51.64.145	2	0.08
75.214.191.117	8	0.40
66.169.201.172	1	0.05
45.17.248.244	1	0.05
67.184.237.239	1	0.05
199.189.85.104	1	0.05
96.251.153.45	56	2.33
70.197.133.23	1	0.05
76.0.34.56	1	0.05
66.214.49.12	1	0.05
216.164.144.77	5	0.25
157.55.39.220	4	0.19
69.140.158.174	1	0.05
54.152.244.170	2	0.10
73.10.128.142	2	0.10
50.206.43.94	1	0.05
174.137.129.109	4	0.17
107.14.56.128	6	0.30
107.14.56.129	13	0.65
97.123.252.162	21	1.00
73.151.68.28	41	2.00
54.208.162.141	3	0.14
67.81.109.2	21	1.05
66.87.80.108	13	0.65
108.19.150.246	1	0.05
67.149.67.230	1	0.05
54.165.57.4	1	0.05
184.97.187.61	21	1.05
173.241.134.106	1	0.05
67.160.118.135	1	0.05
54.208.25.79	1	0.05
96.39.248.104	1	0.05
75.139.242.218	25	1.01
69.136.120.6	1	0.05
107.77.89.62	21	1.04
23.31.254.189	1	0.05
73.130.49.113	1	0.05
99.113.5.43	1	0.05
67.175.110.105	7	0.30
216.235.154.253	1	0.05
70.174.0.113	1	0.05
50.106.182.142	1	0.05
99.179.62.174	21	1.05
68.187.112.151	1	0.05
162.204.109.184	1	0.05
216.137.200.45	2	0.08
72.89.42.58	1	0.05
24.22.78.16	19	0.94
62.210.245.47	1	0.05
207.35.180.221	1	0.05
98.245.133.178	19	0.95
134.132.52.220	2	0.08
24.39.50.238	1	0.05
66.87.121.145	14	0.70
69.140.233.188	21	1.05
172.56.14.97	1	0.05
173.252.114.115	1	0.05
54.210.152.72	1	0.05
96.252.190.226	1	0.05
174.22.14.122	22	1.01
50.191.177.209	14	0.70
96.92.214.50	1	0.05
99.38.226.146	9	0.45
66.102.6.200	1	0.05
74.232.3.125	1	0.05
208.82.85.107	21	1.04
99.135.57.162	1	0.05
173.252.114.116	2	0.10
66.102.6.160	1	0.05
172.56.23.97	5	0.25
64.228.130.178	12	0.59
67.70.19.212	21	1.05
76.164.255.233	1	0.05
158.106.77.193	1	0.05
104.32.91.187	9	0.45
68.115.110.126	21	1.05
47.22.151.18	1	0.05
85.186.188.37	1	0.05
202.9.40.238	1	0.05
70.123.239.113	1	0.05
24.119.215.244	1	0.05
169.204.230.166	1	0.05
166.170.15.80	14	0.70
108.91.85.254	10	0.48
73.13.239.213	14	0.70
207.224.15.133	2	0.08
108.185.92.46	1	0.05
105.101.170.166	2	0.08
54.147.145.253	4	0.19
23.127.81.119	1	0.05
68.114.110.216	19	0.94
24.197.164.68	11	0.55
180.76.15.155	1	0.05
198.232.222.5	1	0.05
54.175.59.54	1	0.05
209.58.128.136	1	0.05
99.2.204.105	19	0.95
104.36.0.75	1	0.05
74.215.147.179	19	0.95
70.194.29.169	1	0.05
71.126.233.100	2	0.10
208.105.86.58	21	1.05
216.119.20.228	1	0.05
79.173.155.130	1	0.05
173.175.213.255	15	0.68
50.96.166.34	21	1.04
199.21.254.3	2	0.09
50.244.44.115	1	0.05
144.172.160.148	13	0.65
70.254.195.58	1	0.05
71.188.118.83	1	0.05
54.86.80.52	4	0.17
104.32.223.82	2	0.10
128.147.28.77	1	0.05
100.4.151.33	1	0.05
172.6.254.64	82	3.76
12.9.110.210	1	0.05
199.68.231.236	1	0.05
82.183.18.17	1	0.05
169.253.194.1	1	0.05
208.180.241.200	22	0.98
197.211.53.5	1	0.05
67.188.150.13	11	0.55
65.28.90.244	21	1.05
107.172.226.224	1	0.05
66.86.129.102	6	0.30
209.190.54.138	16	0.80
69.248.99.42	19	0.95
187.190.13.29	1	0.05
173.60.2.212	10	0.50
45.17.218.253	5	0.20
109.97.178.157	1	0.05
148.101.109.172	19	0.95
50.78.211.78	1	0.05
99.18.220.207	19	0.95
209.202.5.117	14	0.70
76.185.84.182	13	0.65
71.183.233.115	1	0.05
162.226.69.116	4	0.19
192.186.152.100	1	0.05
24.99.25.188	6	0.30
52.91.181.254	1	0.05
73.153.56.76	1	0.05
38.88.211.90	21	1.05
104.60.246.211	2	0.10
146.184.160.22	1	0.05
66.65.111.28	1	0.05
12.105.231.18	1	0.05
173.65.204.228	14	0.70
104.186.182.27	1	0.05
54.175.102.82	1	0.05
108.228.95.38	46	1.96
117.177.250.149	1	0.05
207.223.125.200	2	0.08
70.198.192.35	14	0.70
71.49.193.47	14	0.70
108.236.68.191	1	0.05
76.108.234.168	1	0.05
97.84.125.172	1	0.05
67.79.43.130	17	0.85
166.137.246.125	1	0.05
203.89.73.233	1	0.05
50.252.11.21	2	0.10
162.195.162.40	1	0.05
99.170.224.220	2	0.10
54.208.236.162	1	0.05
73.155.105.117	21	1.05
71.195.194.255	1	0.05
72.168.176.211	1	0.05
216.178.109.82	1	0.05
68.52.137.48	2	0.10
32.213.204.208	11	0.55
76.126.109.158	1	0.05
54.209.35.199	3	0.15
70.198.137.244	12	0.60
174.59.216.62	8	0.40
68.32.231.58	1	0.05
73.201.202.29	1	0.05
220.181.108.95	1	0.05
70.161.234.196	1	0.05
70.187.25.245	1	0.05
24.158.164.78	1	0.05
107.77.64.75	11	0.55
66.249.65.121	1	0.05
74.120.45.97	21	1.05
136.2.1.107	1	0.05
54.175.153.215	3	0.13
108.61.228.118	1	0.05
24.185.163.229	19	0.95
172.56.26.231	10	0.50
68.94.11.50	34	1.59
50.53.89.16	1	0.05
75.141.80.2	1	0.05
192.183.51.148	1	0.05
54.152.75.155	1	0.05
68.3.44.253	1	0.05
180.76.15.24	1	0.05
73.46.30.158	2	0.10
99.177.190.92	2	0.09
104.37.165.181	8	0.40
184.75.210.90	1	0.05
75.229.26.249	10	0.50
172.250.241.166	1	0.05
74.105.99.120	19	0.95
50.232.157.250	1	0.05
108.38.110.128	1	0.05
98.222.228.20	1	0.05
155.94.166.69	1	0.05
174.71.229.9	21	1.05
99.174.70.108	25	1.12
66.87.115.75	5	0.25
68.231.168.225	1	0.05
99.104.34.99	28	1.27
74.64.104.15	1	0.05
80.247.61.10	1	0.05
75.117.77.190	1	0.05
66.195.248.134	1	0.05
80.72.9.5	1	0.05
66.87.137.32	10	0.49
64.31.109.28	1	0.05
71.193.182.199	11	0.55
99.104.223.161	8	0.40
207.241.229.48	1	0.05
96.253.202.125	1	0.05
98.165.91.202	44	1.82
66.87.153.47	2	0.10
216.81.54.178	2	0.08
166.216.165.32	9	0.45
151.191.175.194	8	0.40
216.189.208.204	2	0.08
66.249.83.190	5	0.23
208.163.183.91	1	0.05
66.249.83.215	1	0.05
54.208.161.247	3	0.14
98.111.144.47	3	0.13
62.210.141.46	1	0.05
99.92.85.123	15	0.75
64.61.180.194	1	0.05
72.234.113.175	1	0.05
75.17.246.174	8	0.40
97.122.163.152	21	1.05
95.222.27.6	1	0.05
76.3.219.239	2	0.09
100.7.3.162	36	1.66
96.90.198.46	19	0.95
47.32.86.57	31	1.47
54.210.152.44	1	0.05
174.52.54.179	19	0.95
98.207.107.243	1	0.05
146.135.106.69	1	0.05
52.90.251.231	1	0.05
84.151.149.145	1	0.05
95.249.47.183	21	1.04
72.168.177.196	1	0.05
180.76.15.142	1	0.05
71.183.182.82	9	0.45
109.251.162.7	1	0.05
12.41.26.25	28	1.36
172.56.41.147	14	0.69
52.28.114.178	2	0.10
23.122.246.184	8	0.40
69.112.233.88	11	0.55
107.77.94.111	13	0.65
71.234.199.222	19	0.95
54.152.48.144	1	0.05
52.90.225.78	1	0.05
74.215.208.138	2	0.10
216.255.25.67	1	0.05
108.58.223.250	1	0.05
70.247.160.253	1	0.05
108.65.124.21	1	0.05
173.252.90.232	1	0.05
174.16.212.221	14	0.70
68.189.2.136	1	0.05
206.29.180.75	19	0.95
86.106.17.42	6	0.28
74.128.235.134	14	0.70
66.249.79.102	8	0.34
104.180.173.135	1	0.05
66.249.79.106	1	0.05
66.249.79.104	1	0.05
188.39.78.45	1	0.05
76.120.23.86	1	0.05
66.102.6.214	11	0.49
142.217.115.108	1	0.05
71.254.155.177	19	0.93
50.53.63.208	1	0.05
50.172.178.119	19	0.94
158.81.208.2	1	0.05
66.75.1.118	2	0.10
73.234.66.19	1	0.05
71.121.135.34	31	1.39
108.233.252.50	4	0.20
73.153.52.31	1	0.05
98.225.147.130	2	0.10
74.67.244.29	2	0.08
73.16.147.37	1	0.05
199.67.138.42	1	0.05
132.3.37.84	1	0.05
206.16.134.52	3	0.13
71.165.40.214	19	0.95
206.16.134.30	6	0.26
162.238.140.43	1	0.05
69.131.232.52	50	2.13
170.97.67.112	1	0.05
107.72.164.60	15	0.75
45.49.152.138	1	0.05
54.173.19.51	1	0.05
68.122.4.174	1	0.05
68.180.230.239	1	0.05
54.173.3.172	1	0.05
208.54.85.173	5	0.25
23.30.233.249	1	0.05
5.9.17.118	2	0.09
69.22.250.149	21	1.05
54.175.98.111	4	0.17
91.228.167.130	1	0.05
136.237.9.10	21	1.05
86.190.34.32	19	0.94
24.234.158.123	1	0.05
109.152.19.102	12	0.60
73.184.44.117	1	0.05
50.153.68.20	17	0.85
71.76.150.93	9	0.39
184.105.30.242	30	1.30
162.58.82.135	1	0.05
58.217.103.1	1	0.05
99.196.60.11	58	2.37
206.16.134.29	3	0.14
24.234.66.218	1	0.05
180.76.15.19	4	0.17
89.32.177.57	1	0.05
98.239.107.113	1	0.05
180.76.15.16	1	0.05
62.210.86.119	1	0.05
208.123.79.68	3	0.13
188.40.112.210	1	0.05
24.71.229.204	71	3.16
112.16.87.24	2	0.10
75.134.10.191	1	0.05
65.126.207.198	1	0.05
132.3.57.78	1	0.05
148.251.54.44	1	0.05
98.221.82.1	1	0.05
85.17.156.99	1	0.05
204.194.77.3	3	0.15
162.250.181.58	1	0.05
95.215.60.170	4	0.19
173.224.113.82	1	0.05
52.91.232.164	1	0.05
71.254.130.84	1	0.05
162.229.69.14	1	0.05
173.224.113.84	1	0.05
24.240.53.0	20	0.99
50.207.78.65	1	0.05
97.75.143.211	12	0.60
96.115.70.204	1	0.05
50.30.32.52	1	0.05
69.118.63.169	1	0.05
71.87.230.31	1	0.05
115.77.114.142	1	0.05
64.60.139.140	21	1.03
71.235.98.190	1	0.05
24.34.179.55	21	1.05
108.88.238.39	3	0.14
75.177.116.169	1	0.05
73.232.36.150	21	1.05
75.109.185.244	1	0.05
73.151.91.63	2	0.08
73.190.254.83	1	0.05
160.3.241.70	8	0.40
70.196.64.247	12	0.60
72.211.252.40	1	0.05
76.122.157.67	12	0.58
107.77.106.82	15	0.75
98.95.34.254	14	0.70
198.144.182.166	1	0.05
108.248.27.177	1	0.05
184.99.180.90	1	0.05
208.168.231.87	1	0.05
200.239.9.248	1	0.05
163.47.152.121	2	0.08
69.120.229.165	17	0.83
66.31.24.126	1	0.05
68.89.92.56	7	0.35
170.74.50.10	21	1.05
71.245.228.71	1	0.05
108.92.63.13	21	1.05
174.7.68.46	1	0.05
73.183.221.234	1	0.05
76.188.235.93	1	0.05
134.186.241.142	2	0.08
98.189.32.70	21	1.05
64.183.103.6	1	0.05
96.80.108.97	1	0.05
192.193.216.147	1	0.05
50.244.119.86	10	0.50
98.233.214.172	1	0.05
98.25.20.238	1	0.05
209.222.23.59	1	0.05
167.114.92.55	13	0.65
180.76.15.138	1	0.05
205.132.110.2	21	1.05
67.83.197.254	1	0.05
5.9.106.81	1	0.05
180.76.15.134	1	0.05
54.172.13.30	3	0.15
208.99.166.84	19	0.95
172.56.14.246	1	0.05
54.165.65.139	1	0.05
70.183.21.26	23	1.15
54.209.60.63	6	0.27
108.213.152.242	1	0.05
173.67.26.215	1	0.05
172.56.34.139	1	0.05
50.179.175.254	1	0.05
38.99.97.88	2	0.10
54.175.76.153	1	0.05
54.145.13.114	8	0.34
73.43.51.65	1	0.05
66.146.219.154	1	0.05
24.93.67.226	1	0.05
138.207.201.37	10	0.50
204.154.241.215	9	0.45
104.130.77.75	2	0.10
108.129.177.2	8	0.40
70.199.1.24	1	0.05
192.40.88.18	1	0.05
108.91.85.140	4	0.20
71.62.255.197	28	1.24
72.20.140.130	1	0.05
72.77.242.34	1	0.05
66.41.169.179	21	1.05
50.153.164.130	15	0.72
71.211.214.24	1	0.05
63.248.226.136	21	1.05
62.158.153.14	2	0.10
72.188.113.197	19	0.95
180.76.15.141	1	0.05
75.146.91.21	1	0.05
192.182.161.44	3	0.15
75.139.142.41	1	0.05
128.72.146.196	1	0.05
72.197.190.222	1	0.05
96.245.227.54	2	0.10
173.63.211.196	1	0.05
24.231.191.119	12	0.60
216.79.144.150	60	2.58
198.12.108.15	4	0.17
67.174.242.117	1	0.05
128.227.206.220	1	0.05
198.182.56.5	1	0.05
203.206.173.214	1	0.05
66.76.33.194	20	1.00
72.200.85.77	1	0.05
73.37.45.105	4	0.20
74.113.138.5	1	0.05
50.48.207.103	12	0.60
97.125.203.203	1	0.05
98.193.232.182	1	0.05
99.109.97.212	2	0.08
68.80.132.70	1	0.05
73.203.45.73	2	0.10
76.91.15.96	1	0.05
197.225.84.23	3	0.14
172.4.9.69	2	0.10
136.243.17.161	1	0.05
24.173.253.194	1	0.05
66.87.80.189	4	0.20
50.97.43.186	1	0.05
54.175.228.80	1	0.05
209.12.167.214	1	0.05
72.188.216.237	1	0.05
162.253.217.41	5	0.25
172.56.4.193	15	0.62
199.190.60.155	21	1.04
140.194.40.39	1	0.05
98.254.109.174	21	1.05
66.249.84.188	2	0.10
73.180.113.217	1	0.05
107.145.165.156	21	1.05
108.240.33.231	19	0.94
157.55.39.248	449	19.07
157.55.39.249	36	1.63
70.193.214.153	3	0.15
173.74.112.91	1	0.05
77.174.212.126	1	0.05
66.87.117.170	12	0.60
75.44.64.9	2	0.08
71.14.192.178	3	0.12
173.73.75.58	1	0.05
69.7.177.90	1	0.05
54.152.190.153	2	0.09
121.199.32.149	4	0.20
162.203.228.21	1	0.05
173.216.131.246	21	1.04
76.171.112.9	1	0.05
172.9.6.210	14	0.69
63.66.64.246	1	0.05
77.246.52.169	1	0.05
99.7.234.82	1	0.05
70.208.11.237	14	0.70
180.76.15.7	1	0.05
52.90.178.229	2	0.10
167.182.77.220	21	1.04
76.108.10.125	1	0.05
172.72.221.74	1	0.05
69.131.233.149	21	1.05
96.19.58.84	1	0.05
52.23.246.192	1	0.05
76.91.12.101	1	0.05
148.74.140.176	2	0.10
76.0.8.73	1	0.05
72.208.92.44	3	0.14
222.220.144.35	1	0.05
72.168.177.66	1	0.05
50.207.41.234	1	0.05
172.56.14.102	1	0.05
54.208.161.48	1	0.05
162.201.176.226	1	0.05
52.90.243.165	2	0.08
71.94.57.92	1	0.05
172.58.144.55	1	0.05
107.205.96.6	1	0.05
73.54.102.87	1	0.05
71.6.11.130	1	0.05
66.87.114.36	9	0.45
170.146.221.27	1	0.05
67.0.100.27	1	0.05
107.181.78.131	1	0.05
66.243.202.108	21	1.05
107.212.241.61	20	0.87
45.36.146.27	14	0.70
70.115.51.80	1	0.05
67.191.103.66	1	0.05
63.192.82.30	2	0.08
24.37.173.62	1	0.05
38.176.90.254	21	1.05
12.96.125.242	87	4.05
69.66.212.44	21	1.04
198.72.204.86	1	0.05
173.10.210.226	1	0.05
66.249.84.208	1	0.05
50.173.157.31	1	0.05
73.172.177.26	1	0.05
4.28.121.162	2	0.10
71.166.117.216	1	0.05
68.231.105.28	19	0.95
74.113.190.228	1	0.05
74.47.123.155	14	0.69
166.170.5.54	5	0.25
204.112.253.200	1	0.05
68.170.73.34	21	1.05
76.182.204.101	34	1.61
54.172.108.6	1	0.05
75.90.5.229	2	0.08
12.36.121.83	2	0.10
172.56.3.247	3	0.15
208.38.120.216	39	1.63
76.20.36.69	14	0.70
54.175.125.142	2	0.10
50.177.24.31	1	0.05
76.185.61.154	1	0.05
66.87.80.174	7	0.35
52.91.6.132	1	0.05
96.35.64.138	2	0.10
79.195.33.19	1	0.05
24.224.6.120	1	0.05
54.175.249.163	7	0.30
81.133.124.106	1	0.05
66.87.135.188	1	0.05
167.114.156.198	1	0.05
128.177.161.139	1	0.05
72.197.120.166	1	0.05
96.229.138.37	1	0.05
68.225.219.109	3	0.15
66.249.83.184	6	0.28
182.75.74.74	1	0.05
66.249.83.187	6	0.25
76.182.234.128	6	0.24
99.46.175.159	1	0.05
206.200.253.205	1	0.05
45.27.16.200	1	0.05
98.209.96.234	2	0.10
73.195.238.205	1	0.05
185.69.145.170	1	0.05
159.87.62.142	21	1.05
70.197.88.145	35	1.63
108.171.132.164	1	0.05
68.231.4.51	1	0.05
68.3.197.69	37	1.66
71.212.173.161	22	1.07
107.137.18.118	7	0.35
76.23.139.0	1	0.05
97.33.130.203	1	0.05
98.7.54.182	21	1.04
73.210.67.62	21	0.90
66.249.84.187	3	0.15
65.188.225.183	1	0.05
89.105.200.97	19	0.94
66.249.83.165	1	0.05
66.249.83.162	2	0.10
50.140.172.248	6	0.29
68.2.42.157	19	0.95
69.121.51.108	22	1.09
165.155.200.109	1	0.05
65.129.212.202	1	0.05
78.46.156.169	2	0.10
50.152.234.190	1	0.05
38.104.228.242	1	0.05
172.58.41.128	56	2.29
71.104.54.27	1	0.05
63.141.217.37	1	0.05
172.58.25.116	1	0.05
54.208.61.227	4	0.16
52.91.108.92	2	0.10
137.207.136.13	2	0.08
157.55.39.114	241	9.99
173.50.102.162	1	0.05
71.57.214.170	1	0.05
84.209.124.203	1	0.05
128.206.137.123	1	0.05
87.246.119.4	1	0.05
66.90.216.92	1	0.05
50.150.10.87	13	0.64
24.86.212.49	1	0.05
107.77.64.109	1	0.05
100.3.245.191	1	0.05
24.22.12.241	1	0.05
173.171.48.19	18	0.89
100.3.30.97	2	0.10
125.212.63.25	21	1.05
97.73.64.142	1	0.05
172.91.138.230	1	0.05
68.225.202.102	1	0.05
92.40.249.250	9	0.44
148.251.75.46	5	0.21
104.129.196.79	1	0.05
71.49.140.221	21	1.05
68.230.7.182	14	0.68
166.137.240.108	1	0.05
68.189.193.17	19	0.93
76.200.228.38	1	0.05
67.52.223.190	1	0.05
97.90.75.186	1	0.05
54.196.187.201	2	0.10
73.153.187.161	1	0.05
23.229.8.252	1	0.05
206.16.134.28	2	0.10
104.182.56.112	21	1.05
23.119.170.143	21	1.05
86.166.179.196	13	0.65
69.12.74.67	36	1.78
75.1.144.188	7	0.35
206.16.134.22	1	0.05
206.16.134.23	2	0.09
206.16.134.20	3	0.13
206.16.134.21	4	0.19
206.16.134.26	2	0.10
206.16.134.27	1	0.05
206.16.134.25	2	0.10
12.190.42.66	1	0.05
12.50.8.16	1	0.05
97.121.39.120	67	2.85
68.98.251.243	1	0.05
69.38.75.162	1	0.05
73.27.175.251	1	0.05
50.232.231.18	25	1.24
108.171.132.165	12	0.53
12.29.16.250	21	1.05
24.189.136.111	1	0.05
108.171.132.160	1	0.05
52.90.235.192	2	0.10
73.204.114.107	1	0.05
76.198.32.161	1	0.05
104.136.100.104	14	0.69
73.19.60.160	1	0.05
38.88.197.210	2	0.08
32.212.195.253	1	0.05
162.244.15.232	2	0.10
68.4.246.69	21	1.05
32.211.197.62	21	1.03
199.204.98.146	1	0.05
68.225.212.152	21	1.04
108.198.197.109	1	0.05
54.208.94.161	1	0.05
63.239.65.11	1	0.05
208.253.121.74	1	0.05
65.36.122.64	21	1.05
180.76.15.20	2	0.09
86.106.16.216	1	0.05
180.76.15.25	1	0.05
71.125.4.43	1	0.05
107.77.106.56	1	0.05
99.88.246.200	1	0.05
60.242.189.173	1	0.05
132.3.1.78	13	0.65
54.208.94.14	3	0.14
24.125.191.140	2	0.08
47.20.197.251	1	0.05
68.61.238.84	1	0.05
54.152.208.92	1	0.05
54.152.6.228	5	0.22
66.249.79.119	422	16.89
68.209.224.147	18	0.88
173.224.113.99	1	0.05
100.43.81.129	42	1.69
73.136.155.232	1	0.05
136.179.21.68	14	0.59
173.59.165.179	1	0.05
98.202.243.29	18	0.90
64.161.153.34	37	1.52
216.158.205.79	1	0.05
74.108.141.65	2	0.10
73.134.123.252	1	0.05
67.2.93.225	21	1.05
96.35.152.90	1	0.05
75.72.205.49	1	0.05
128.177.161.176	9	0.45
24.24.233.117	1	0.05
108.171.130.163	1	0.05
65.32.57.106	4	0.20
97.84.151.3	3	0.15
75.74.162.13	1	0.05
70.208.146.245	1	0.05
107.167.108.182	1	0.05
107.144.0.106	21	1.05
66.56.185.84	10	0.49
166.137.139.82	13	0.64
73.13.78.19	1	0.05
173.161.249.65	2	0.08
144.76.155.8	2	0.09
97.32.140.14	14	0.69
216.185.86.226	1	0.05
54.175.56.111	1	0.05
108.98.156.11	2	0.10
24.207.242.190	7	0.35
73.153.145.101	2	0.10
184.6.227.61	21	1.05
172.56.12.14	9	0.45
104.197.56.196	1	0.05
71.96.128.116	1	0.05
73.209.41.63	7	0.35
50.244.201.133	1	0.05
159.45.71.11	1	0.05
52.91.33.147	1	0.05
63.74.109.193	21	1.04
67.243.86.77	1	0.05
97.127.53.213	21	1.03
184.183.169.164	2	0.08
98.247.154.82	1	0.05
66.87.149.200	1	0.05
169.130.32.90	25	1.23
52.33.91.168	1	0.05
174.88.51.199	1	0.05
24.61.189.78	24	1.09
97.88.207.190	1	0.05
82.166.164.249	1	0.05
96.51.170.56	1	0.05
216.188.255.43	1	0.05
100.36.47.19	1	0.05
66.182.213.194	23	1.01
70.192.69.68	20	0.99
40.77.167.19	282	12.33
98.112.133.252	21	1.05
172.243.84.44	1	0.05
107.77.169.5	2	0.09
214.3.138.230	1	0.05
104.53.137.102	1	0.05
24.142.249.110	1	0.05
198.255.166.134	1	0.05
173.168.185.218	2	0.10
181.137.1.201	2	0.08
172.58.168.210	4	0.20
157.55.39.156	6	0.29
208.163.161.5	1	0.05
204.196.150.50	1	0.05
99.56.101.188	17	0.85
97.78.49.82	21	1.04
76.205.1.8	1	0.05
76.218.93.160	1	0.05
72.95.211.180	1	0.05
40.77.167.80	1	0.05
208.95.100.4	11	0.55
172.11.26.1	1	0.05
64.231.136.102	1	0.05
77.90.193.14	3	0.15
68.58.216.180	1	0.05
72.198.160.190	1	0.05
52.91.157.198	5	0.21
108.94.154.123	21	1.05
74.98.13.177	1	0.05
73.16.80.127	1	0.05
12.232.12.194	21	1.04
71.83.181.4	1	0.05
98.164.94.30	22	0.94
50.154.102.188	22	1.07
69.68.97.62	8	0.40
216.60.18.40	1	0.05
174.125.40.83	41	1.92
73.222.192.194	2	0.10
97.77.233.234	5	0.24
108.237.208.220	1	0.05
73.35.224.173	8	0.40
180.76.15.8	1	0.05
172.58.217.50	14	0.70
209.234.190.250	2	0.08
54.226.236.133	2	0.10
148.87.19.214	1	0.05
75.163.119.208	1	0.05
68.36.22.35	1	0.05
5.9.145.132	1	0.05
107.77.105.60	14	0.70
76.91.73.241	1	0.05
74.77.81.114	1	0.05
108.33.47.166	21	1.05
172.56.14.158	10	0.49
69.150.225.130	21	1.05
104.56.6.216	6	0.30
158.85.198.155	1	0.05
173.24.188.25	1	0.05
166.137.139.124	1	0.05
172.72.192.55	33	1.52
66.87.125.95	11	0.54
66.249.79.121	2	0.10
69.156.66.62	1	0.05
66.249.79.123	7	0.29
70.177.0.154	1	0.05
45.33.104.239	1	0.05
220.181.108.94	1	0.05
70.98.146.100	2	0.08
73.205.133.78	1	0.05
100.0.166.183	2	0.10
54.172.186.126	2	0.09
64.140.214.66	20	0.82
170.20.30.124	21	1.05
54.175.53.79	7	0.32
71.224.164.19	19	0.94
75.137.15.253	1	0.05
148.103.42.233	1	0.05
24.90.218.229	1	0.05
174.28.183.42	1	0.05
70.195.0.221	13	0.61
69.135.167.72	12	0.60
205.197.242.150	7	0.35
104.7.40.190	1	0.05
50.166.242.117	4	0.20
172.56.1.61	1	0.05
162.213.175.41	1	0.05
66.87.103.248	1	0.05
8.28.180.2	1	0.05
209.161.131.182	2	0.08
206.16.134.53	5	0.20
68.63.147.133	6	0.30
206.16.134.51	3	0.14
24.51.214.93	1	0.05
184.0.95.21	1	0.05
71.196.16.220	1	0.05
73.33.192.109	2	0.08
112.208.154.113	48	2.03
23.114.44.244	21	1.04
24.204.49.246	2	0.08
75.170.80.28	21	1.05
70.192.196.145	23	1.12
71.56.240.119	2	0.08
174.101.181.221	7	0.35
50.154.28.3	1	0.05
68.106.83.109	21	1.05
67.45.97.28	1	0.05
66.87.153.249	1	0.05
70.118.241.248	1	0.05
216.240.44.98	1	0.05
96.225.47.56	1	0.05
65.95.200.122	21	1.04
66.249.93.53	1	0.05
67.237.202.51	19	0.95
2.216.66.39	5	0.25
70.208.118.191	12	0.56
69.179.20.113	1	0.05
50.140.170.227	13	0.64
73.0.188.92	3	0.15
98.111.140.214	1	0.05
12.191.40.2	1	0.05
67.165.27.38	1	0.05
213.94.145.112	1	0.05
68.135.2.169	1	0.05
66.102.6.210	11	0.49
71.162.170.27	10	0.50
110.142.97.160	5	0.25
99.73.120.37	1	0.05
100.0.172.51	1	0.05
106.120.173.112	4	0.17
71.12.240.177	1	0.05
70.53.41.183	13	0.53
12.216.216.6	1	0.05
152.216.15.5	1	0.05
172.56.3.219	12	0.59
97.32.138.212	1	0.05
108.219.245.54	23	1.09
206.80.2.66	1	0.05
68.48.115.16	15	0.75
24.60.196.158	1	0.05
50.192.230.209	1	0.05
54.165.32.60	1	0.05
120.21.26.228	11	0.55
70.125.20.158	12	0.60
199.244.214.105	1	0.05
216.46.61.130	1	0.05
216.177.129.203	2	0.10
104.251.247.231	1	0.05
71.60.77.125	21	1.04
137.254.4.9	1	0.05
174.45.226.227	1	0.05
54.210.152.101	1	0.05
54.210.152.100	5	0.22
67.172.144.8	1	0.05
172.245.253.167	1	0.05
81.102.130.193	5	0.22
198.203.175.175	1	0.05
181.164.90.17	1	0.05
115.248.134.2	1	0.05
108.31.12.208	1	0.05
54.165.41.173	3	0.13
70.50.79.108	1	0.05
96.89.131.65	1	0.05
73.188.199.8	14	0.70
174.79.46.70	1	0.05
66.249.83.159	1	0.05
213.136.78.187	1	0.05
50.121.242.171	2	0.08
64.58.164.146	2	0.09
73.224.120.194	19	0.95
69.127.145.177	1	0.05
54.209.103.102	2	0.10
172.56.30.131	12	0.56
173.24.246.247	18	0.79
96.38.87.93	19	0.95
185.101.71.142	2	0.10
99.109.0.131	1	0.05
152.15.112.127	1	0.05
38.72.96.70	1	0.05
51.39.65.224	9	0.45
38.104.204.10	21	1.05
27.96.204.177	7	0.34
194.187.168.202	4	0.17
203.160.32.196	1	0.05
104.58.207.70	1	0.05
24.120.10.170	1	0.05
98.243.28.102	3	0.15
134.102.9.81	1	0.05
54.172.98.198	1	0.05
199.19.248.44	21	1.05
66.115.229.102	1	0.05
75.66.202.229	21	1.04
66.87.96.140	2	0.10
157.55.39.126	529	21.57
157.55.39.125	35	1.58
172.58.104.201	4	0.20
72.38.76.166	1	0.05
99.129.145.167	23	1.15
157.55.39.128	33	1.49
76.169.48.112	1	0.05
152.42.170.76	1	0.05
96.224.204.174	1	0.05
71.163.93.59	1	0.05
50.167.122.164	1	0.05
50.147.91.123	1	0.05
73.172.72.249	21	1.05
172.56.38.40	11	0.55
162.198.187.9	2	0.10
24.129.16.19	1	0.05
66.87.3.153	12	0.60
54.152.210.120	2	0.10
157.55.39.17	8	0.38
24.14.56.66	2	0.10
52.90.204.97	1	0.05
68.0.222.37	17	0.84
50.201.219.94	19	0.95
98.160.241.136	1	0.05
209.166.137.226	1	0.05
98.117.38.53	1	0.05
97.125.100.1	19	0.94
206.16.134.16	2	0.09
23.31.96.61	1	0.05
68.205.91.191	15	0.70
198.199.222.31	1	0.05
172.56.12.245	2	0.10
52.91.36.84	1	0.05
50.139.81.29	1	0.05
24.229.173.53	21	1.04
70.90.14.117	1	0.05
24.104.142.73	21	1.05
206.16.134.19	3	0.15
206.16.134.18	3	0.15
80.107.120.141	1	0.05
126.153.115.223	1	0.05
70.196.137.200	1	0.05
70.195.198.51	13	0.65
173.65.242.179	1	0.05
63.119.63.2	1	0.05
107.77.173.8	5	0.24
68.93.9.131	1	0.05
192.3.187.216	1	0.05
72.253.182.25	1	0.05
73.47.7.176	1	0.05
70.88.112.19	1	0.05
62.210.162.19	1	0.05
54.175.58.171	1	0.05
68.36.224.45	1	0.05
173.252.114.113	3	0.15
66.87.114.160	4	0.20
50.53.81.238	21	1.05
173.252.114.119	1	0.05
173.252.114.118	1	0.05
108.23.254.218	1	0.05
204.14.239.107	1	0.05
66.194.134.198	1	0.05
180.76.15.34	1	0.05
64.179.124.166	21	1.05
63.210.22.56	21	1.05
180.76.15.31	1	0.05
96.235.149.175	18	0.86
180.76.15.32	1	0.05
23.116.8.97	1	0.05
208.54.35.151	1	0.05
71.162.218.36	1	0.05
173.79.45.96	21	1.05
172.8.134.118	1	0.05
146.127.253.14	1	0.05
50.246.100.194	1	0.05
50.75.251.54	2	0.08
76.89.251.33	1	0.05
142.217.99.79	1	0.05
148.87.19.222	17	0.85
136.179.21.70	17	0.85
207.195.80.29	21	1.05
98.163.212.215	2	0.08
70.27.0.228	1	0.05
67.187.105.65	1	0.05
72.131.99.67	19	0.95
208.54.90.244	16	0.80
65.116.116.6	1	0.05
172.56.41.72	1	0.05
74.141.14.197	19	0.95
69.158.26.19	1	0.05
162.224.116.143	1	0.05
108.17.26.19	2	0.08
67.49.75.220	1	0.05
184.183.5.68	1	0.05
50.205.174.217	40	1.92
65.8.11.137	1	0.05
70.177.5.42	3	0.12
63.85.111.20	1	0.05
104.57.220.139	21	1.04
66.249.84.172	2	0.10
172.56.19.249	12	0.60
174.56.0.168	19	0.95
72.241.85.249	6	0.30
66.87.129.83	7	0.35
76.31.223.122	1	0.05
98.225.98.137	2	0.10
70.208.136.133	23	1.15
98.165.38.66	2	0.10
174.107.173.89	1	0.05
38.104.204.146	1	0.05
66.249.84.171	1	0.05
67.161.176.57	3	0.15
72.78.197.62	28	1.27
172.250.73.181	1	0.05
189.35.197.243	17	0.84
52.90.245.33	3	0.14
108.171.131.186	20	0.88
71.224.99.143	28	1.26
107.146.228.12	10	0.50
144.76.201.69	2	0.10
66.249.84.189	3	0.15
50.186.191.248	21	1.05
69.115.185.113	14	0.70
69.67.83.28	1	0.05
104.156.117.7	21	1.05
50.153.105.89	1	0.05
72.74.139.228	1	0.05
174.31.190.207	1	0.05
50.40.69.119	3	0.15
216.251.203.221	1	0.05
70.88.15.161	21	1.05
76.251.196.159	33	1.55
104.218.136.82	1	0.05
70.210.228.194	14	0.67
63.92.248.41	1	0.05
148.251.124.42	7	0.30
90.168.199.87	1	0.05
67.151.40.194	1	0.05
157.55.80.246	4	0.20
123.125.71.86	1	0.05
96.93.218.37	19	0.95
24.127.151.72	14	0.70
73.35.43.171	1	0.05
68.231.109.69	1	0.05
71.205.228.54	2	0.10
76.201.93.53	1	0.05
80.229.22.53	21	1.04
54.84.28.119	1	0.05
104.162.76.162	6	0.30
162.224.24.187	8	0.40
98.211.206.69	2	0.10
166.137.118.63	14	0.69
98.243.198.26	14	0.70
73.185.215.81	8	0.39
66.190.62.111	5	0.25
107.1.208.226	1	0.05
207.45.43.71	1	0.05
71.216.93.46	2	0.10
71.55.195.157	1	0.05
218.101.79.229	1	0.05
205.255.224.10	87	3.69
75.139.158.74	14	0.70
72.94.226.24	1	0.05
174.243.68.201	2	0.10
214.3.115.10	21	1.05
54.173.72.234	1	0.05
8.40.193.34	5	0.25
72.77.26.55	1	0.05
8.31.246.238	21	1.04
54.208.162.188	1	0.05
46.165.230.5	1	0.05
207.46.13.147	1	0.05
71.236.81.51	1	0.05
173.62.171.168	5	0.25
69.53.211.241	1	0.05
206.192.168.25	11	0.52
96.91.223.17	2	0.10
73.154.2.23	1	0.05
71.238.63.187	1	0.05
173.219.17.46	1	0.05
172.3.123.49	8	0.40
173.255.255.240	1	0.05
69.139.51.151	2	0.10
152.121.18.251	1	0.05
144.76.153.198	1	0.05
168.93.122.178	1	0.05
207.35.48.194	8	0.40
67.188.197.132	1	0.05
206.16.134.17	2	0.10
67.223.161.30	1	0.05
99.135.110.115	14	0.70
107.77.83.92	16	0.80
104.138.146.223	9	0.45
98.161.36.142	1	0.05
76.127.47.108	1	0.05
69.243.140.122	13	0.58
1.132.96.51	1	0.05
107.10.250.126	1	0.05
108.168.159.145	1	0.05
108.168.159.144	1	0.05
66.102.6.202	13	0.65
73.250.24.78	2	0.08
162.200.152.62	1	0.05
184.88.199.58	23	1.03
66.249.84.173	1	0.05
50.175.107.48	1	0.05
104.129.204.111	1	0.05
108.168.159.148	1	0.05
72.135.117.232	14	0.70
66.87.114.191	11	0.55
24.98.241.254	19	0.95
173.170.168.151	1	0.05
70.27.103.247	1	0.05
66.56.239.163	21	1.05
66.64.16.185	1	0.05
76.111.5.210	21	1.05
72.226.94.165	14	0.69
209.150.95.194	21	1.05
162.242.135.149	3	0.15
164.50.244.203	1	0.05
64.113.111.136	1	0.05
164.62.12.245	1	0.05
73.198.123.174	1	0.05
98.221.198.121	1	0.05
173.15.122.17	1	0.05
98.110.35.184	1	0.05
68.170.219.195	22	1.09
70.190.97.169	23	0.93
5.9.112.6	3	0.13
98.209.61.159	1	0.05
73.138.182.32	18	0.90
172.56.30.190	14	0.70
